"","site","NCRS.code","duration","n.leaf","c.leaf","mean.c.value","mean.n.value"
"1","Austin_2020_03","AMPS","perennial",2.783,42.411,42.1106666666667,2.72233333333333
"2","Austin_2020_03","AMPS","perennial",2.621,42.336,42.1106666666667,2.72233333333333
"3","Austin_2020_03","AMPS","perennial",2.763,41.585,42.1106666666667,2.72233333333333
"4","Austin_2020_03","CHPI8","annual",2.669,47.065,50.734,2.46366666666667
"5","Austin_2020_03","CHPI8","annual",2.352,52.438,50.734,2.46366666666667
"6","Austin_2020_03","CHPI8","annual",2.37,52.699,50.734,2.46366666666667
"7","Austin_2020_03","MIQU2","perennial",3.289,54.749,53.836,3.41066666666667
"8","Austin_2020_03","MIQU2","perennial",3.295,55.037,53.836,3.41066666666667
"9","Austin_2020_03","MIQU2","perennial",3.648,51.722,53.836,3.41066666666667
"10","Austin_2020_03","RUHI2","perennial",3.563,41.392,40.6236666666667,3.06333333333333
"11","Austin_2020_03","RUHI2","perennial",3.003,42.681,40.6236666666667,3.06333333333333
"12","Austin_2020_03","RUHI2","perennial",2.624,37.798,40.6236666666667,3.06333333333333
"13","Bandera_2020_03","ASSY","perennial",5.234,46.185,44.3523333333333,4.22033333333333
"14","Bandera_2020_03","ASSY","perennial",3.996,45.208,44.3523333333333,4.22033333333333
"15","Bandera_2020_03","ASSY","perennial",3.431,41.664,44.3523333333333,4.22033333333333
"16","Bandera_2020_03","CRGLL","annual",3.037,34.377,40.802,2.883
"17","Bandera_2020_03","CRGLL","annual",2.928,37.583,40.802,2.883
"18","Bandera_2020_03","CRGLL","annual",3.043,42.377,40.802,2.883
"19","Bandera_2020_03","CRGLL","annual",2.524,48.871,40.802,2.883
"20","Bandera_2020_03","DIAN","perennial",2.132,39.774,46.307125,1.548375
"21","Bandera_2020_03","DIAN","perennial",1.739,46.538,46.307125,1.548375
"22","Bandera_2020_03","DIAN","perennial",1.594,40.535,46.307125,1.548375
"23","Bandera_2020_03","DIAN","perennial",1.556,45.969,46.307125,1.548375
"24","Bandera_2020_03","DIAN","perennial",1.727,62.875,46.307125,1.548375
"25","Bandera_2020_03","DIAN","perennial",1.11,45.908,46.307125,1.548375
"26","Bandera_2020_03","DIAN","perennial",1.223,45.111,46.307125,1.548375
"27","Bandera_2020_03","DIAN","perennial",1.306,43.747,46.307125,1.548375
"28","Bandera_2020_03","EUMA8","annual",2.359,38.656,39.024,1.954
"29","Bandera_2020_03","EUMA8","annual",1.511,39.241,39.024,1.954
"30","Bandera_2020_03","EUMA8","annual",1.992,39.175,39.024,1.954
"31","Bandera_2020_03","SOEL","perennial",2.902,44.701,46.5136666666667,2.15716666666667
"32","Bandera_2020_03","SOEL","perennial",2.058,45.435,46.5136666666667,2.15716666666667
"33","Bandera_2020_03","SOEL","perennial",2.245,53.462,46.5136666666667,2.15716666666667
"34","Bandera_2020_03","SOEL","perennial",2.012,44.394,46.5136666666667,2.15716666666667
"35","Bandera_2020_03","SOEL","perennial",1.986,46.08,46.5136666666667,2.15716666666667
"36","Bandera_2020_03","SOEL","perennial",1.74,45.01,46.5136666666667,2.15716666666667
"37","Bandera_2020_03","VEST","perennial",2.709,34.046,36.6186666666667,2.83233333333333
"38","Bandera_2020_03","VEST","perennial",3.177,36.911,36.6186666666667,2.83233333333333
"39","Bandera_2020_03","VEST","perennial",2.611,38.899,36.6186666666667,2.83233333333333
"40","Bell_2021_08","ARPU9","perennial",1.171,44.864,43.195,1.4635
"41","Bell_2021_08","ARPU9","perennial",1.756,41.526,43.195,1.4635
"42","Bell_2021_08","ASSY","perennial",3.627,44.947,45.5021,3.5008
"43","Bell_2021_08","ASSY","perennial",3.606,42.263,45.5021,3.5008
"44","Bell_2021_08","ASSY","perennial",4.612,46.809,45.5021,3.5008
"45","Bell_2021_08","ASSY","perennial",2.641,47.697,45.5021,3.5008
"46","Bell_2021_08","ASSY","perennial",3.018,45.7945,45.5021,3.5008
"47","Bell_2021_08","CRGLL","annual",2.937,53.247,NA,NA
"48","Bell_2021_08","CRGLL","annual",2.199,49.36,NA,NA
"49","Bell_2021_08","CRGLL","annual",2.876,48.643,NA,NA
"50","Bell_2021_08","CRGLL","annual",NA,NA,NA,NA
"51","Bell_2021_08","CRGLL","annual",NA,NA,NA,NA
"52","Bell_2021_08","CYDA","perennial",1.722,45.539,NA,NA
"53","Bell_2021_08","CYDA","perennial",1.962,42.24,NA,NA
"54","Bell_2021_08","CYDA","perennial",1.812,43.678,NA,NA
"55","Bell_2021_08","CYDA","perennial",NA,NA,NA,NA
"56","Bell_2021_08","GAPU","annual",2.259,42.731,42.731,2.259
"57","Bell_2021_08","GLGO","perennial",1.952,46.571,46.8055,2.224
"58","Bell_2021_08","GLGO","perennial",2.496,47.04,46.8055,2.224
"59","Bell_2021_08","MIQU2","perennial",NA,NA,NA,NA
"60","Bell_2021_08","RACO3","perennial",2.356,38.482,40.8668571428571,2.02664285714286
"61","Bell_2021_08","RACO3","perennial",1.674,41.154,40.8668571428571,2.02664285714286
"62","Bell_2021_08","RACO3","perennial",2.38,38.977,40.8668571428571,2.02664285714286
"63","Bell_2021_08","RACO3","perennial",1.442,38.806,40.8668571428571,2.02664285714286
"64","Bell_2021_08","RACO3","perennial",1.804,43.71,40.8668571428571,2.02664285714286
"65","Bell_2021_08","RACO3","perennial",1.715,42.572,40.8668571428571,2.02664285714286
"66","Bell_2021_08","RACO3","perennial",2.8155,42.367,40.8668571428571,2.02664285714286
"67","Bell_2021_08","SAFA2","perennial",3.371,43.827,43.4393333333333,3.342
"68","Bell_2021_08","SAFA2","perennial",3.169,42.711,43.4393333333333,3.342
"69","Bell_2021_08","SAFA2","perennial",3.486,43.78,43.4393333333333,3.342
"70","Bell_2021_08","SODI","perennial",3.14,48.093,48.093,3.14
"71","Bell_2021_08","SOEL","perennial",3.662,45.346,44.8883333333333,3.55433333333333
"72","Bell_2021_08","SOEL","perennial",3.581,44.851,44.8883333333333,3.55433333333333
"73","Bell_2021_08","SOEL","perennial",3.654,44.01,44.8883333333333,3.55433333333333
"74","Bell_2021_08","SOEL","perennial",2.347,46.674,44.8883333333333,3.55433333333333
"75","Bell_2021_08","SOEL","perennial",4.165,43.468,44.8883333333333,3.55433333333333
"76","Bell_2021_08","SOEL","perennial",3.917,44.981,44.8883333333333,3.55433333333333
"77","Bexar_2019_13","AMAR2","annual",1.98,44.44,44.4325,1.85
"78","Bexar_2019_13","AMAR2","annual",1.83,43.3,44.4325,1.85
"79","Bexar_2019_13","AMAR2","annual",1.98,45.08,44.4325,1.85
"80","Bexar_2019_13","AMAR2","annual",1.61,44.91,44.4325,1.85
"81","Bexar_2019_13","CRGLL","annual",1.44,46.94,47.49,1.46
"82","Bexar_2019_13","CRGLL","annual",1.48,48.04,47.49,1.46
"83","Bexar_2019_13","GAPU","annual",1.79,47.35,45.48,2.12
"84","Bexar_2019_13","GAPU","annual",2.19,43.3,45.48,2.12
"85","Bexar_2019_13","GAPU","annual",2.38,45.79,45.48,2.12
"86","Bexar_2019_13","PRGL2","perennial",2.79,44.92,46.04,3.024
"87","Bexar_2019_13","PRGL2","perennial",2.93,44.47,46.04,3.024
"88","Bexar_2019_13","PRGL2","perennial",3.97,45.05,46.04,3.024
"89","Bexar_2019_13","PRGL2","perennial",2.39,47.35,46.04,3.024
"90","Bexar_2019_13","PRGL2","perennial",3.04,48.41,46.04,3.024
"91","Bexar_2019_13","RACO3","perennial",2.34,43.16,46.03,2.2175
"92","Bexar_2019_13","RACO3","perennial",2.62,44.68,46.03,2.2175
"93","Bexar_2019_13","RACO3","perennial",3.69,79.7,46.03,2.2175
"94","Bexar_2019_13","RACO3","perennial",1.58,37.56,46.03,2.2175
"95","Bexar_2019_13","RACO3","perennial",1.54,36.54,46.03,2.2175
"96","Bexar_2019_13","RACO3","perennial",1.66,38.01,46.03,2.2175
"97","Bexar_2019_13","RACO3","perennial",2.13,44.22,46.03,2.2175
"98","Bexar_2019_13","RACO3","perennial",2.18,44.37,46.03,2.2175
"99","Bexar_2019_13","SOEL","perennial",3.48,38.16,41.245,2.88
"100","Bexar_2019_13","SOEL","perennial",2.28,44.33,41.245,2.88
"101","Bexar_2019_13","SOHA","perennial",1.95,39.16,40.7233333333333,1.88666666666667
"102","Bexar_2019_13","SOHA","perennial",1.93,41.42,40.7233333333333,1.88666666666667
"103","Bexar_2019_13","SOHA","perennial",1.78,41.59,40.7233333333333,1.88666666666667
"104","Bexar_2019_13",NA,NA,2.8,44.19,44.19,2.8
"105","Blanco_2019_16","BOSA","perennial",1.55,43.41,42.9466666666667,1.44333333333333
"106","Blanco_2019_16","BOSA","perennial",1.51,42.63,42.9466666666667,1.44333333333333
"107","Blanco_2019_16","BOSA","perennial",1.27,42.8,42.9466666666667,1.44333333333333
"108","Blanco_2019_16","CYDA","perennial",1.1,42.19,42.61,1.13
"109","Blanco_2019_16","CYDA","perennial",1.2,43.07,42.61,1.13
"110","Blanco_2019_16","CYDA","perennial",1.09,42.57,42.61,1.13
"111","Blanco_2019_16","HETE3","annual",1.23,38.97,37.41,1.14666666666667
"112","Blanco_2019_16","HETE3","annual",1.32,36.79,37.41,1.14666666666667
"113","Blanco_2019_16","HETE3","annual",0.89,36.47,37.41,1.14666666666667
"114","Blanco_2019_16","STTE3","perennial",1.47,42.15,43.22,1.26
"115","Blanco_2019_16","STTE3","perennial",0.95,44.08,43.22,1.26
"116","Blanco_2019_16","STTE3","perennial",1.36,43.43,43.22,1.26
"117","Blanco_2019_16","WEAC","perennial",1.98,37.13,35.6833333333333,1.72333333333333
"118","Blanco_2019_16","WEAC","perennial",1.47,34.76,35.6833333333333,1.72333333333333
"119","Blanco_2019_16","WEAC","perennial",1.72,35.16,35.6833333333333,1.72333333333333
"120","Brazos_2020_16","AMPS","perennial",3.56,42.98,43.903,3.59733333333333
"121","Brazos_2020_16","AMPS","perennial",3.304,43.278,43.903,3.59733333333333
"122","Brazos_2020_16","AMPS","perennial",3.928,45.451,43.903,3.59733333333333
"123","Brazos_2020_16","ARAL3","annual",4.525,41.351,42.073,4.19933333333333
"124","Brazos_2020_16","ARAL3","annual",3.645,41.989,42.073,4.19933333333333
"125","Brazos_2020_16","ARAL3","annual",4.428,42.879,42.073,4.19933333333333
"126","Brazos_2020_16","COCO13","perennial",3.847,45.743,46.3996666666667,3.92566666666667
"127","Brazos_2020_16","COCO13","perennial",4.246,48.77,46.3996666666667,3.92566666666667
"128","Brazos_2020_16","COCO13","perennial",3.684,44.686,46.3996666666667,3.92566666666667
"129","Brazos_2020_16","COER","perennial",4.078,46.667,42.357,3.242
"130","Brazos_2020_16","COER","perennial",2.539,39.487,42.357,3.242
"131","Brazos_2020_16","COER","perennial",3.109,40.917,42.357,3.242
"132","Brazos_2020_16","SOHA","perennial",1.995,46.689,46.364,1.789
"133","Brazos_2020_16","SOHA","perennial",1.71,44.461,46.364,1.789
"134","Brazos_2020_16","SOHA","perennial",1.662,47.942,46.364,1.789
"135","Brazos_2020_18","AMPS","perennial",3.586,41.151,41.1013333333333,3.40733333333333
"136","Brazos_2020_18","AMPS","perennial",2.907,41.113,41.1013333333333,3.40733333333333
"137","Brazos_2020_18","AMPS","perennial",3.729,41.04,41.1013333333333,3.40733333333333
"138","Brazos_2020_18","CAREX","perennial",1.02,46.455,45.931,1.13066666666667
"139","Brazos_2020_18","CAREX","perennial",1.065,44.294,45.931,1.13066666666667
"140","Brazos_2020_18","CAREX","perennial",1.307,47.044,45.931,1.13066666666667
"141","Brazos_2020_18","LIAT","perennial",1.47,45.71,45.6933333333333,1.48333333333333
"142","Brazos_2020_18","LIAT","perennial",1.48,45.93,45.6933333333333,1.48333333333333
"143","Brazos_2020_18","LIAT","perennial",1.5,45.44,45.6933333333333,1.48333333333333
"144","Brazos_2020_18","MIQU2","perennial",4.377,45.795,46.2453333333333,4.329
"145","Brazos_2020_18","MIQU2","perennial",4.046,46.396,46.2453333333333,4.329
"146","Brazos_2020_18","MIQU2","perennial",4.564,46.545,46.2453333333333,4.329
"147","Brazos_2020_18","SOEL","perennial",3.46,43.43,43.7991666666667,3.4775
"148","Brazos_2020_18","SOEL","perennial",2.86,41.77,43.7991666666667,3.4775
"149","Brazos_2020_18","SOEL","perennial",3.67,43.81,43.7991666666667,3.4775
"150","Brazos_2020_18","SOEL","perennial",2.979,44.213,43.7991666666667,3.4775
"151","Brazos_2020_18","SOEL","perennial",4.123,44.797,43.7991666666667,3.4775
"152","Brazos_2020_18","SOEL","perennial",3.773,44.775,43.7991666666667,3.4775
"153","Brazos_2020_18","SOHA","perennial",1.19,42.09,40.5233333333333,1.41166666666667
"154","Brazos_2020_18","SOHA","perennial",1.61,39.36,40.5233333333333,1.41166666666667
"155","Brazos_2020_18","SOHA","perennial",1.53,39.45,40.5233333333333,1.41166666666667
"156","Brazos_2020_18","SOHA","perennial",1.26,40.72,40.5233333333333,1.41166666666667
"157","Brazos_2020_18","SOHA","perennial",1.44,39.73,40.5233333333333,1.41166666666667
"158","Brazos_2020_18","SOHA","perennial",1.44,41.79,40.5233333333333,1.41166666666667
"159","Burnet_2020_12","AMPS","perennial",3,42.361,41.219625,2.26975
"160","Burnet_2020_12","AMPS","perennial",3.004,40.871,41.219625,2.26975
"161","Burnet_2020_12","AMPS","perennial",2.59,44.954,41.219625,2.26975
"162","Burnet_2020_12","AMPS","perennial",2.069,41.04,41.219625,2.26975
"163","Burnet_2020_12","AMPS","perennial",1.937,42.714,41.219625,2.26975
"164","Burnet_2020_12","AMPS","perennial",1.986,39.71,41.219625,2.26975
"165","Burnet_2020_12","AMPS","perennial",1.812,38.11,41.219625,2.26975
"166","Burnet_2020_12","AMPS","perennial",1.76,39.997,41.219625,2.26975
"167","Burnet_2020_12","ASSY","perennial",3.586,41.865,41.8055,2.91175
"168","Burnet_2020_12","ASSY","perennial",3.31,42.235,41.8055,2.91175
"169","Burnet_2020_12","ASSY","perennial",3.022,42.56,41.8055,2.91175
"170","Burnet_2020_12","ASSY","perennial",1.729,40.562,41.8055,2.91175
"171","Burnet_2020_12","CAREX","perennial",1.056,43.597,43.597,1.056
"172","Burnet_2020_12","CRGLL","annual",2.646,46.584,46.584,2.646
"173","Burnet_2020_12","GAPU","annual",3.053,39.51,41.4423333333333,2.97133333333333
"174","Burnet_2020_12","GAPU","annual",2.904,40.455,41.4423333333333,2.97133333333333
"175","Burnet_2020_12","GAPU","annual",2.957,44.362,41.4423333333333,2.97133333333333
"176","Burnet_2020_12","RACO3","perennial",2.751,40.321,39.1496666666667,2.48233333333333
"177","Burnet_2020_12","RACO3","perennial",2.561,39.685,39.1496666666667,2.48233333333333
"178","Burnet_2020_12","RACO3","perennial",2.135,37.443,39.1496666666667,2.48233333333333
"179","Burnet_2020_12","SOEL","perennial",3.029,51.765,47.1241666666667,2.042
"180","Burnet_2020_12","SOEL","perennial",2.774,53.06,47.1241666666667,2.042
"181","Burnet_2020_12","SOEL","perennial",2.59,43.711,47.1241666666667,2.042
"182","Burnet_2020_12","SOEL","perennial",1.278,43.955,47.1241666666667,2.042
"183","Burnet_2020_12","SOEL","perennial",1.136,44.655,47.1241666666667,2.042
"184","Burnet_2020_12","SOEL","perennial",1.445,45.599,47.1241666666667,2.042
"185","Burnet_2020_12","SOHA","perennial",1.511,43.031,42.9853333333333,1.61233333333333
"186","Burnet_2020_12","SOHA","perennial",1.818,42.945,42.9853333333333,1.61233333333333
"187","Burnet_2020_12","SOHA","perennial",1.508,42.98,42.9853333333333,1.61233333333333
"188","Burnet_2020_14","AMPS","perennial",3.048,38.395,41.0936666666667,3.39933333333333
"189","Burnet_2020_14","AMPS","perennial",3.228,43.265,41.0936666666667,3.39933333333333
"190","Burnet_2020_14","AMPS","perennial",3.922,41.621,41.0936666666667,3.39933333333333
"191","Burnet_2020_14","GAPU","annual",3.406,36.596,37.3893333333333,3.631
"192","Burnet_2020_14","GAPU","annual",3.891,35.46,37.3893333333333,3.631
"193","Burnet_2020_14","GAPU","annual",3.596,40.112,37.3893333333333,3.631
"194","Burnet_2020_14","LOPE","perennial",2.693,40.894,43.4186666666667,3.431
"195","Burnet_2020_14","LOPE","perennial",3.521,44.375,43.4186666666667,3.431
"196","Burnet_2020_14","LOPE","perennial",4.079,44.987,43.4186666666667,3.431
"197","Burnet_2020_14","SOEL","perennial",4.107,47.394,45.476,3.2055
"198","Burnet_2020_14","SOEL","perennial",3.331,47.433,45.476,3.2055
"199","Burnet_2020_14","SOEL","perennial",3.441,46.025,45.476,3.2055
"200","Burnet_2020_14","SOEL","perennial",3.106,44.349,45.476,3.2055
"201","Burnet_2020_14","SOEL","perennial",2.944,44.417,45.476,3.2055
"202","Burnet_2020_14","SOEL","perennial",2.304,43.238,45.476,3.2055
"203","Comal_2020_19","ASLA4","perennial",2.702,40.018,41.803,3.102
"204","Comal_2020_19","ASLA4","perennial",3.184,41.664,41.803,3.102
"205","Comal_2020_19","ASLA4","perennial",3.42,43.727,41.803,3.102
"206","Comal_2020_19","GAPU","annual",2.84,37.918,41.795,2.729
"207","Comal_2020_19","GAPU","annual",2.661,42.868,41.795,2.729
"208","Comal_2020_19","GAPU","annual",2.686,44.599,41.795,2.729
"209","Comal_2020_19","MIQU2","perennial",5.11,44.333,42.833,4.76333333333333
"210","Comal_2020_19","MIQU2","perennial",4.78,42.848,42.833,4.76333333333333
"211","Comal_2020_19","MIQU2","perennial",4.4,41.318,42.833,4.76333333333333
"212","Comal_2020_19","SCSC","perennial",2.059,46.475,46.9736666666667,1.98
"213","Comal_2020_19","SCSC","perennial",2.268,46.724,46.9736666666667,1.98
"214","Comal_2020_19","SCSC","perennial",1.613,47.722,46.9736666666667,1.98
"215","Comal_2020_19","WEAC","perennial",2.439,38.162,36.952,2.52933333333333
"216","Comal_2020_19","WEAC","perennial",2.325,35.912,36.952,2.52933333333333
"217","Comal_2020_19","WEAC","perennial",2.824,36.782,36.952,2.52933333333333
"218","Comal_2020_21","BASA","perennial",0.94,46.7,46.2666666666667,0.883333333333333
"219","Comal_2020_21","BASA","perennial",1.03,45.97,46.2666666666667,0.883333333333333
"220","Comal_2020_21","BASA","perennial",0.68,46.13,46.2666666666667,0.883333333333333
"221","Comal_2020_21","BOIS","perennial",1.35,42.64,41.3,1.17666666666667
"222","Comal_2020_21","BOIS","perennial",1.2,41.3,41.3,1.17666666666667
"223","Comal_2020_21","BOIS","perennial",0.98,39.96,41.3,1.17666666666667
"224","Comal_2020_21","CAPL3","perennial",1.1,43.02,42.72,1.04666666666667
"225","Comal_2020_21","CAPL3","perennial",1.14,43.55,42.72,1.04666666666667
"226","Comal_2020_21","CAPL3","perennial",0.9,41.59,42.72,1.04666666666667
"227","Comal_2020_21","DATE3","perennial",0.96,46.81,46.5133333333333,0.916666666666667
"228","Comal_2020_21","DATE3","perennial",0.86,47.17,46.5133333333333,0.916666666666667
"229","Comal_2020_21","DATE3","perennial",0.93,45.56,46.5133333333333,0.916666666666667
"230","Comal_2020_21","RACO3","perennial",1.88,38.32,37.8133333333333,1.56666666666667
"231","Comal_2020_21","RACO3","perennial",1.38,35.86,37.8133333333333,1.56666666666667
"232","Comal_2020_21","RACO3","perennial",1.44,39.26,37.8133333333333,1.56666666666667
"233","Edwards_2019_17","CHFE3","perrenial",1.28,45.26,45.345,1.23
"234","Edwards_2019_17","CHFE3","perrenial",1.18,45.43,45.345,1.23
"235","Edwards_2019_17","NALE3","perennial",1.04,40.64,41.9633333333333,1.14333333333333
"236","Edwards_2019_17","NALE3","perennial",1.02,42.22,41.9633333333333,1.14333333333333
"237","Edwards_2019_17","NALE3","perennial",1.37,43.03,41.9633333333333,1.14333333333333
"238","Edwards_2019_17","QUHA3","perennial",1.58,46.69,45.96,1.46666666666667
"239","Edwards_2019_17","QUHA3","perennial",1.47,45.8,45.96,1.46666666666667
"240","Edwards_2019_17","QUHA3","perennial",1.35,45.39,45.96,1.46666666666667
"241","Edwards_2019_17","SCHIZ4","perennial",1.34,45.29,44.8575,0.97
"242","Edwards_2019_17","SCHIZ4","perennial",0.6,45.61,44.8575,0.97
"243","Edwards_2019_17","SCHIZ4","perennial",0.77,44.96,44.8575,0.97
"244","Edwards_2019_17","SCHIZ4","perennial",1.17,43.57,44.8575,0.97
"245","Fayette_2019_04","AMAR2","annual",1.56,44.54,44.32,1.39666666666667
"246","Fayette_2019_04","AMAR2","annual",1.26,45.02,44.32,1.39666666666667
"247","Fayette_2019_04","AMAR2","annual",1.37,43.4,44.32,1.39666666666667
"248","Fayette_2019_04","PRGL2","perennial",4.41,47.6,46.185,4.735
"249","Fayette_2019_04","PRGL2","perennial",5.06,44.77,46.185,4.735
"250","Fayette_2020_09","AMPS","perennial",2.508,41.49,40.4673333333333,2.64166666666667
"251","Fayette_2020_09","AMPS","perennial",2.763,39.014,40.4673333333333,2.64166666666667
"252","Fayette_2020_09","AMPS","perennial",2.654,40.898,40.4673333333333,2.64166666666667
"253","Fayette_2020_09","CAAM2","perennial",1.447,47.466,50.0366666666667,1.74833333333333
"254","Fayette_2020_09","CAAM2","perennial",2.082,51.084,50.0366666666667,1.74833333333333
"255","Fayette_2020_09","CAAM2","perennial",1.716,51.56,50.0366666666667,1.74833333333333
"256","Fayette_2020_09","OECU2","annual",1.759,38.472,38.3296666666667,1.81733333333333
"257","Fayette_2020_09","OECU2","annual",2.053,39.065,38.3296666666667,1.81733333333333
"258","Fayette_2020_09","OECU2","annual",1.64,37.452,38.3296666666667,1.81733333333333
"259","Fayette_2020_09","SOEL","perennial",1.971,48.24,NA,NA
"260","Fayette_2020_09","SOEL","perennial",NA,NA,NA,NA
"261","Fayette_2020_09","SOEL","perennial",1.619,49.372,NA,NA
"262","Fayette_2021_12","AMPS","perennial",2.357,40.521,39.95,2.182
"263","Fayette_2021_12","AMPS","perennial",2.014,39.059,39.95,2.182
"264","Fayette_2021_12","AMPS","perennial",2.175,40.27,39.95,2.182
"265","Fayette_2021_12","PRGL2","perennial",3.175,49.982,49.0136666666667,3.325
"266","Fayette_2021_12","PRGL2","perennial",3.416,47.61,49.0136666666667,3.325
"267","Fayette_2021_12","PRGL2","perennial",3.384,49.449,49.0136666666667,3.325
"268","Fayette_2021_12","SOEL","perennial",2.388,43.29,45.641,2.6
"269","Fayette_2021_12","SOEL","perennial",2.423,48.585,45.641,2.6
"270","Fayette_2021_12","SOEL","perennial",2.989,45.048,45.641,2.6
"271","Fayette_2021_12","SOHA","perennial",3.017,46.528,46.528,3.017
"272","Harris_2020_03","AMAR2","annual",2.1,39.3,38.3633333333333,2.01
"273","Harris_2020_03","AMAR2","annual",2.21,36.09,38.3633333333333,2.01
"274","Harris_2020_03","AMAR2","annual",2.04,37.61,38.3633333333333,2.01
"275","Harris_2020_03","AMAR2","annual",1.78,37.94,38.3633333333333,2.01
"276","Harris_2020_03","AMAR2","annual",2.01,40.47,38.3633333333333,2.01
"277","Harris_2020_03","AMAR2","annual",1.92,38.77,38.3633333333333,2.01
"278","Harris_2020_03","AMPS","perennial",3.187,41.309,40.9886666666667,2.83066666666667
"279","Harris_2020_03","AMPS","perennial",3.016,39.211,40.9886666666667,2.83066666666667
"280","Harris_2020_03","AMPS","perennial",2.289,42.446,40.9886666666667,2.83066666666667
"281","Harris_2020_03","CYDA","perennial",1.535,45.888,45.443875,1.555
"282","Harris_2020_03","CYDA","perennial",1.849,47.367,45.443875,1.555
"283","Harris_2020_03","CYDA","perennial",1.59,47.251,45.443875,1.555
"284","Harris_2020_03","CYDA","perennial",1.42,44.019,45.443875,1.555
"285","Harris_2020_03","CYDA","perennial",1.501,43.385,45.443875,1.555
"286","Harris_2020_03","CYDA","perennial",1.591,44.212,45.443875,1.555
"287","Harris_2020_03","CYDA","perennial",1.567,45.849,45.443875,1.555
"288","Harris_2020_03","CYDA","perennial",1.387,45.58,45.443875,1.555
"289","Harris_2020_03","HEAN3","annual",2.22,40.26,39.77,2.16666666666667
"290","Harris_2020_03","HEAN3","annual",1.92,37.55,39.77,2.16666666666667
"291","Harris_2020_03","HEAN3","annual",2.36,41.5,39.77,2.16666666666667
"292","Harris_2020_03","MIQU2","perennial",4.16,49.253,48.1564,4.27
"293","Harris_2020_03","MIQU2","perennial",3.99,46.195,48.1564,4.27
"294","Harris_2020_03","MIQU2","perennial",4.022,50.629,48.1564,4.27
"295","Harris_2020_03","MIQU2","perennial",3.873,45.869,48.1564,4.27
"296","Harris_2020_03","MIQU2","perennial",5.305,48.836,48.1564,4.27
"297","Harris_2020_03","OENOT","annual",2.316,39.192,39.192,2.316
"298","Harris_2020_03","PRGL2","perennial",4.27,44.99,46.9878333333333,4.44766666666667
"299","Harris_2020_03","PRGL2","perennial",4.66,45.76,46.9878333333333,4.44766666666667
"300","Harris_2020_03","PRGL2","perennial",3.27,47.56,46.9878333333333,4.44766666666667
"301","Harris_2020_03","PRGL2","perennial",3.66,46.23,46.9878333333333,4.44766666666667
"302","Harris_2020_03","PRGL2","perennial",4.864,48.465,46.9878333333333,4.44766666666667
"303","Harris_2020_03","PRGL2","perennial",5.962,48.922,46.9878333333333,4.44766666666667
"304","Harris_2020_03","RHAM","perennial",2.717,46.055,46.055,2.717
"305","Harris_2020_03","RUTR","perennial",1.57,46.5,46.78,1.50666666666667
"306","Harris_2020_03","RUTR","perennial",1.19,47.25,46.78,1.50666666666667
"307","Harris_2020_03","RUTR","perennial",1.76,46.59,46.78,1.50666666666667
"308","Harris_2020_03","SOHA","perennial",1.46,43.26,43.4216842105263,1.33321052631579
"309","Harris_2020_03","SOHA","perennial",2.01,44.1,43.4216842105263,1.33321052631579
"310","Harris_2020_03","SOHA","perennial",1.14,42.41,43.4216842105263,1.33321052631579
"311","Harris_2020_03","SOHA","perennial",0.91,40.81,43.4216842105263,1.33321052631579
"312","Harris_2020_03","SOHA","perennial",1.14,42.69,43.4216842105263,1.33321052631579
"313","Harris_2020_03","SOHA","perennial",1.32,39.06,43.4216842105263,1.33321052631579
"314","Harris_2020_03","SOHA","perennial",1.63,48.62,43.4216842105263,1.33321052631579
"315","Harris_2020_03","SOHA","perennial",1.83,43.88,43.4216842105263,1.33321052631579
"316","Harris_2020_03","SOHA","perennial",0.98,43.8,43.4216842105263,1.33321052631579
"317","Harris_2020_03","SOHA","perennial",0.52,43,43.4216842105263,1.33321052631579
"318","Harris_2020_03","SOHA","perennial",1.27,44.2,43.4216842105263,1.33321052631579
"319","Harris_2020_03","SOHA","perennial",1.32,43.51,43.4216842105263,1.33321052631579
"320","Harris_2020_03","SOHA","perennial",1.416,46.799,43.4216842105263,1.33321052631579
"321","Harris_2020_03","SOHA","perennial",1.064,46.66,43.4216842105263,1.33321052631579
"322","Harris_2020_03","SOHA","perennial",1.525,45.447,43.4216842105263,1.33321052631579
"323","Harris_2020_03","SOHA","perennial",1.18,39.684,43.4216842105263,1.33321052631579
"324","Harris_2020_03","SOHA","perennial",1.299,41.028,43.4216842105263,1.33321052631579
"325","Harris_2020_03","SOHA","perennial",1.78,41.527,43.4216842105263,1.33321052631579
"326","Harris_2020_03","SOHA","perennial",1.537,44.527,43.4216842105263,1.33321052631579
"327","Hays_2021_54","EUMA8","annual",2.581,39.292,39.5636666666667,2.97433333333333
"328","Hays_2021_54","EUMA8","annual",2.968,39.09,39.5636666666667,2.97433333333333
"329","Hays_2021_54","EUMA8","annual",3.374,40.309,39.5636666666667,2.97433333333333
"330","Hays_2021_54","NALE3","perennial",2,45.04,45.8276666666667,2.31933333333333
"331","Hays_2021_54","NALE3","perennial",2.769,43.64,45.8276666666667,2.31933333333333
"332","Hays_2021_54","NALE3","perennial",2.189,48.803,45.8276666666667,2.31933333333333
"333","Hays_2021_54","PRGL2","perennial",3.397,49.769,49.3363333333333,3.35066666666667
"334","Hays_2021_54","PRGL2","perennial",3.696,49.692,49.3363333333333,3.35066666666667
"335","Hays_2021_54","PRGL2","perennial",2.959,48.548,49.3363333333333,3.35066666666667
"336","Hays_2021_54","RACO3","perennial",2.933,41.164,40.808,3.02566666666667
"337","Hays_2021_54","RACO3","perennial",2.839,40.461,40.808,3.02566666666667
"338","Hays_2021_54","RACO3","perennial",3.305,40.799,40.808,3.02566666666667
"339","Hays_2021_54","SOEL","perennial",3.332,46.636,44.7293333333333,2.982
"340","Hays_2021_54","SOEL","perennial",2.567,42.338,44.7293333333333,2.982
"341","Hays_2021_54","SOEL","perennial",3.047,45.214,44.7293333333333,2.982
"342","Kerr_2020_03","ASSY","perennial",4.588,49.701,47.566,4.53066666666667
"343","Kerr_2020_03","ASSY","perennial",4.398,44.36,47.566,4.53066666666667
"344","Kerr_2020_03","ASSY","perennial",4.606,48.637,47.566,4.53066666666667
"345","Kerr_2020_03","GAPU","annual",4.995,45.571,43.4963333333333,4.30433333333333
"346","Kerr_2020_03","GAPU","annual",3.78,43.344,43.4963333333333,4.30433333333333
"347","Kerr_2020_03","GAPU","annual",4.138,41.574,43.4963333333333,4.30433333333333
"348","Kerr_2020_03","RACO3","perennial",3.779,42.416,43.1653333333333,4.046
"349","Kerr_2020_03","RACO3","perennial",4.041,43.188,43.1653333333333,4.046
"350","Kerr_2020_03","RACO3","perennial",4.318,43.892,43.1653333333333,4.046
"351","Kerr_2020_03","SOEL","perennial",2.752,45.168,44.8833333333333,2.92366666666667
"352","Kerr_2020_03","SOEL","perennial",2.932,43.413,44.8833333333333,2.92366666666667
"353","Kerr_2020_03","SOEL","perennial",3.087,46.069,44.8833333333333,2.92366666666667
"354","Kerr_2020_03","VEOC","perennial",3.148,45.925,44.7203333333333,2.89866666666667
"355","Kerr_2020_03","VEOC","perennial",2.843,44.373,44.7203333333333,2.89866666666667
"356","Kerr_2020_03","VEOC","perennial",2.705,43.863,44.7203333333333,2.89866666666667
"357","Menard_2020_01","AMAR2","annual",2.44,39.72,42.74125,2.1425
"358","Menard_2020_01","AMAR2","annual",2.78,40.73,42.74125,2.1425
"359","Menard_2020_01","AMAR2","annual",2.52,39.03,42.74125,2.1425
"360","Menard_2020_01","AMAR2","annual",1.3,47.26,42.74125,2.1425
"361","Menard_2020_01","AMAR2","annual",1.35,47.06,42.74125,2.1425
"362","Menard_2020_01","AMAR2","annual",1.63,43.42,42.74125,2.1425
"363","Menard_2020_01","AMAR2","annual",2.45,41.81,42.74125,2.1425
"364","Menard_2020_01","AMAR2","annual",2.67,42.9,42.74125,2.1425
"365","Menard_2020_01","CRGLL","annual",2.74,36.21,36.975,3.88
"366","Menard_2020_01","CRGLL","annual",5.02,37.74,36.975,3.88
"367","Menard_2020_01","HEAN3","annual",1.83,34.05,33.4466666666667,1.96333333333333
"368","Menard_2020_01","HEAN3","annual",2.15,34.16,33.4466666666667,1.96333333333333
"369","Menard_2020_01","HEAN3","annual",1.91,32.13,33.4466666666667,1.96333333333333
"370","Menard_2020_01","MIQU2","perennial",3.14,46.75,46.75,3.14
"371","Menard_2020_01","NALE3","perennial",1.47,44.46,42.2033333333333,1.59166666666667
"372","Menard_2020_01","NALE3","perennial",1.57,41.03,42.2033333333333,1.59166666666667
"373","Menard_2020_01","NALE3","perennial",1.43,41.24,42.2033333333333,1.59166666666667
"374","Menard_2020_01","NALE3","perennial",2.23,42.25,42.2033333333333,1.59166666666667
"375","Menard_2020_01","NALE3","perennial",1.13,40.54,42.2033333333333,1.59166666666667
"376","Menard_2020_01","NALE3","perennial",1.72,43.7,42.2033333333333,1.59166666666667
"377","Menard_2020_01","PRGL2","perennial",2.31,46.91,46.55,2.61
"378","Menard_2020_01","PRGL2","perennial",2.68,45.75,46.55,2.61
"379","Menard_2020_01","PRGL2","perennial",2.84,46.99,46.55,2.61
"380","Menard_2020_01","QUMO","perennial",1.29,46.16,46.16,1.29
"381","Menard_2020_01","RACO3","perennial",1.63,44.85,44.85,1.63
"382","Menard_2020_01","RUNU","perennial",1.96,35.98,35.875,1.66
"383","Menard_2020_01","RUNU","perennial",1.61,37.93,35.875,1.66
"384","Menard_2020_01","RUNU","perennial",1.52,33.68,35.875,1.66
"385","Menard_2020_01","RUNU","perennial",1.55,35.91,35.875,1.66
"386","Menard_2020_01","SCHIZ4","perennial",2.05,43.05,41.95,1.63
"387","Menard_2020_01","SCHIZ4","perennial",1.21,40.85,41.95,1.63
"388","Menard_2020_01","SOEL","perennial",3.55,45.13,44.46,2.95
"389","Menard_2020_01","SOEL","perennial",2.35,43.79,44.46,2.95
"390","Menard_2020_01",NA,NA,2.79,46.11,46.11,2.79
"391","Sansaba_2020_01","ASAS","perennial",1.43,39.89,40.0233333333333,1.50333333333333
"392","Sansaba_2020_01","ASAS","perennial",1.59,40.54,40.0233333333333,1.50333333333333
"393","Sansaba_2020_01","ASAS","perennial",1.49,39.64,40.0233333333333,1.50333333333333
"394","Sansaba_2020_01","HECA8","perennial",1.73,42.68,42.425,1.66
"395","Sansaba_2020_01","HECA8","perennial",1.59,42.17,42.425,1.66
"396","Sansaba_2020_01","NALE3","perennial",1.08,42.9,42.775,1.02
"397","Sansaba_2020_01","NALE3","perennial",0.96,42.65,42.775,1.02
"398","Sansaba_2020_01","PRGL2","perennial",2.6,46.59,45.165,2.095
"399","Sansaba_2020_01","PRGL2","perennial",2.63,45.01,45.165,2.095
"400","Sansaba_2020_01","PRGL2","perennial",1.18,44.68,45.165,2.095
"401","Sansaba_2020_01","PRGL2","perennial",1.97,44.38,45.165,2.095
"402","Sansaba_2020_01","RACO3","perennial",1.86,41.14,42.57,1.66666666666667
"403","Sansaba_2020_01","RACO3","perennial",1.87,42.78,42.57,1.66666666666667
"404","Sansaba_2020_01","RACO3","perennial",1.27,43.79,42.57,1.66666666666667
"405","Uvalde_2020_02","AMAR2","annual",1.63,37.32,40.815,1.84
"406","Uvalde_2020_02","AMAR2","annual",1.78,37.99,40.815,1.84
"407","Uvalde_2020_02","AMAR2","annual",1.78,41.7,40.815,1.84
"408","Uvalde_2020_02","AMAR2","annual",2.17,46.25,40.815,1.84
"409","Uvalde_2020_02","AMPS","perennial",2.708,42.886,41.8203333333333,3.393
"410","Uvalde_2020_02","AMPS","perennial",4.091,44.402,41.8203333333333,3.393
"411","Uvalde_2020_02","AMPS","perennial",3.38,38.173,41.8203333333333,3.393
"412","Uvalde_2020_02","CRGLL","annual",1.56,46.35,44.3331428571429,1.93357142857143
"413","Uvalde_2020_02","CRGLL","annual",1.45,45.13,44.3331428571429,1.93357142857143
"414","Uvalde_2020_02","CRGLL","annual",2.121,44.296,44.3331428571429,1.93357142857143
"415","Uvalde_2020_02","CRGLL","annual",1.94,38.958,44.3331428571429,1.93357142857143
"416","Uvalde_2020_02","CRGLL","annual",2.447,48.88,44.3331428571429,1.93357142857143
"417","Uvalde_2020_02","CRGLL","annual",2.065,43.46,44.3331428571429,1.93357142857143
"418","Uvalde_2020_02","CRGLL","annual",1.952,43.258,44.3331428571429,1.93357142857143
"419","Uvalde_2020_02","LOPE","perennial",1.77,31.71,NA,NA
"420","Uvalde_2020_02","LOPE","perennial",1.21,44.13,NA,NA
"421","Uvalde_2020_02","LOPE","perennial",1.01,42.03,NA,NA
"422","Uvalde_2020_02","LOPE","perennial",1.56,47.149,NA,NA
"423","Uvalde_2020_02","LOPE","perennial",1.618,45.318,NA,NA
"424","Uvalde_2020_02","LOPE","perennial",NA,NA,NA,NA
"425","Uvalde_2020_02","NALE3","perennial",0.6,43.27,42.9075,0.6675
"426","Uvalde_2020_02","NALE3","perennial",0.63,43.55,42.9075,0.6675
"427","Uvalde_2020_02","NALE3","perennial",0.91,42.59,42.9075,0.6675
"428","Uvalde_2020_02","NALE3","perennial",0.53,42.22,42.9075,0.6675
"429","Uvalde_2020_02","PAVI2","perennial",0.85,41.48,43.7933333333333,1.71883333333333
"430","Uvalde_2020_02","PAVI2","perennial",1.41,41.59,43.7933333333333,1.71883333333333
"431","Uvalde_2020_02","PAVI2","perennial",1.6,41.29,43.7933333333333,1.71883333333333
"432","Uvalde_2020_02","PAVI2","perennial",1.01,43.43,43.7933333333333,1.71883333333333
"433","Uvalde_2020_02","PAVI2","perennial",1.07,43.89,43.7933333333333,1.71883333333333
"434","Uvalde_2020_02","PAVI2","perennial",1.11,43.61,43.7933333333333,1.71883333333333
"435","Uvalde_2020_02","PAVI2","perennial",2.517,45.341,43.7933333333333,1.71883333333333
"436","Uvalde_2020_02","PAVI2","perennial",2.785,45.438,43.7933333333333,1.71883333333333
"437","Uvalde_2020_02","PAVI2","perennial",2.543,42.741,43.7933333333333,1.71883333333333
"438","Uvalde_2020_02","PAVI2","perennial",1.73,45.728,43.7933333333333,1.71883333333333
"439","Uvalde_2020_02","PAVI2","perennial",2.158,45.627,43.7933333333333,1.71883333333333
"440","Uvalde_2020_02","PAVI2","perennial",1.843,45.355,43.7933333333333,1.71883333333333
"441","Uvalde_2020_02","RACO3","perennial",1.44,42.01,42.01,1.44
"442","Uvalde_2020_02","RHSET","perennial",2.48,45.01,45.01,2.48
"443","Uvalde_2020_02","RUNU","perennial",1.14,33.14,33.986375,2.114625
"444","Uvalde_2020_02","RUNU","perennial",2.629,34.922,33.986375,2.114625
"445","Uvalde_2020_02","RUNU","perennial",2.429,33.912,33.986375,2.114625
"446","Uvalde_2020_02","RUNU","perennial",2.412,33.06,33.986375,2.114625
"447","Uvalde_2020_02","RUNU","perennial",2.469,37.08,33.986375,2.114625
"448","Uvalde_2020_02","RUNU","perennial",2.152,36.455,33.986375,2.114625
"449","Uvalde_2020_02","RUNU","perennial",2.325,37.021,33.986375,2.114625
"450","Uvalde_2020_02","RUNU","perennial",1.361,26.301,33.986375,2.114625
"451","Uvalde_2020_02","SAFA2","perennial",1.83,44.52,NA,NA
"452","Uvalde_2020_02","SAFA2","perennial",2.737,44.381,NA,NA
"453","Uvalde_2020_02","SAFA2","perennial",2.917,44.207,NA,NA
"454","Uvalde_2020_02","SAFA2","perennial",NA,NA,NA,NA
"455","Uvalde_2020_02","SCHIZ4","perennial",0.65,42.48,42.555,0.525
"456","Uvalde_2020_02","SCHIZ4","perennial",0.4,42.63,42.555,0.525
"457","Uvalde_2020_02","SOEL","perennial",1.77,34.91,36.0707857142857,1.99485714285714
"458","Uvalde_2020_02","SOEL","perennial",1.73,30.99,36.0707857142857,1.99485714285714
"459","Uvalde_2020_02","SOEL","perennial",1.86,41.47,36.0707857142857,1.99485714285714
"460","Uvalde_2020_02","SOEL","perennial",2.06,42.78,36.0707857142857,1.99485714285714
"461","Uvalde_2020_02","SOEL","perennial",1.655,32.35,36.0707857142857,1.99485714285714
"462","Uvalde_2020_02","SOEL","perennial",2.256,31.749,36.0707857142857,1.99485714285714
"463","Uvalde_2020_02","SOEL","perennial",2.633,38.2465,36.0707857142857,1.99485714285714
"464","Washington_2020_08","ACAN11","perennial",2.6,52.192,51.4116666666667,2.53533333333333
"465","Washington_2020_08","ACAN11","perennial",2.562,55.294,51.4116666666667,2.53533333333333
"466","Washington_2020_08","ACAN11","perennial",2.444,46.749,51.4116666666667,2.53533333333333
"467","Washington_2020_08","ASSY","perennial",1.384,40.489,40.031,1.437
"468","Washington_2020_08","ASSY","perennial",1.155,40.06,40.031,1.437
"469","Washington_2020_08","ASSY","perennial",1.772,39.544,40.031,1.437
"470","Washington_2020_08","ENPE4","perennial",2.038,39.132,38.6133333333333,2.01633333333333
"471","Washington_2020_08","ENPE4","perennial",2.176,37.571,38.6133333333333,2.01633333333333
"472","Washington_2020_08","ENPE4","perennial",1.835,39.137,38.6133333333333,2.01633333333333
"473","Washington_2020_08","RUNU","perennial",1.996,36.656,35.6546666666667,2.05133333333333
"474","Washington_2020_08","RUNU","perennial",2.364,35.285,35.6546666666667,2.05133333333333
"475","Washington_2020_08","RUNU","perennial",1.794,35.023,35.6546666666667,2.05133333333333
"476","Washington_2020_08","SOHA","perennial",1.596,42.576,43.1406666666667,1.7
"477","Washington_2020_08","SOHA","perennial",1.728,43.275,43.1406666666667,1.7
"478","Washington_2020_08","SOHA","perennial",1.776,43.571,43.1406666666667,1.7
"479","Williamson_2019_09","BOIS","perennial",1.02,43.68,42.4766666666667,0.916666666666667
"480","Williamson_2019_09","BOIS","perennial",0.89,41.68,42.4766666666667,0.916666666666667
"481","Williamson_2019_09","BOIS","perennial",0.84,42.07,42.4766666666667,0.916666666666667
"482","Williamson_2019_09","BOSA","perennial",1.52,42.93,42.8033333333333,1.50666666666667
"483","Williamson_2019_09","BOSA","perennial",1.4,42.02,42.8033333333333,1.50666666666667
"484","Williamson_2019_09","BOSA","perennial",1.6,43.46,42.8033333333333,1.50666666666667
"485","Williamson_2019_09","ENPE4","perennial",0.9,35.35,38.57,0.863333333333333
"486","Williamson_2019_09","ENPE4","perennial",0.85,37.65,38.57,0.863333333333333
"487","Williamson_2019_09","ENPE4","perennial",0.84,42.71,38.57,0.863333333333333
"488","Williamson_2019_09","LIPU","perennial",1.45,39.55,39.79,1.33666666666667
"489","Williamson_2019_09","LIPU","perennial",1.25,40.31,39.79,1.33666666666667
"490","Williamson_2019_09","LIPU","perennial",1.31,39.51,39.79,1.33666666666667
"491","Williamson_2019_09","RACO3","perennial",1.08,35.11,36.98,1.01666666666667
"492","Williamson_2019_09","RACO3","perennial",0.95,38.88,36.98,1.01666666666667
"493","Williamson_2019_09","RACO3","perennial",1.02,36.95,36.98,1.01666666666667
"494","Williamson_2019_10","CAREX","perennial",1.16,40.46,41.2908333333333,1.035
"495","Williamson_2019_10","CAREX","perennial",1.26,41.14,41.2908333333333,1.035
"496","Williamson_2019_10","CAREX","perennial",1.33,38.05,41.2908333333333,1.035
"497","Williamson_2019_10","CAREX","perennial",1.01,42.64,41.2908333333333,1.035
"498","Williamson_2019_10","CAREX","perennial",0.94,41.63,41.2908333333333,1.035
"499","Williamson_2019_10","CAREX","perennial",0.83,40.86,41.2908333333333,1.035
"500","Williamson_2019_10","CAREX","perennial",1.18,42.83,41.2908333333333,1.035
"501","Williamson_2019_10","CAREX","perennial",0.96,42.82,41.2908333333333,1.035
"502","Williamson_2019_10","CAREX","perennial",0.91,41.2,41.2908333333333,1.035
"503","Williamson_2019_10","CAREX","perennial",0.93,42.53,41.2908333333333,1.035
"504","Williamson_2019_10","CAREX","perennial",0.99,40.48,41.2908333333333,1.035
"505","Williamson_2019_10","CAREX","perennial",0.92,40.85,41.2908333333333,1.035
"506","Williamson_2019_10","CRGLL","annual",1.3,45.65,45.65,1.3
"507","Williamson_2019_10","IVAX","perennial",1.38,49.97,49.5375,1.2825
"508","Williamson_2019_10","IVAX","perennial",1.24,49.51,49.5375,1.2825
"509","Williamson_2019_10","IVAX","perennial",1.51,49.64,49.5375,1.2825
"510","Williamson_2019_10","IVAX","perennial",1,49.03,49.5375,1.2825
"511","Williamson_2019_10","PRGL2","perennial",2.59,42.78,45.4728571428571,2.48142857142857
"512","Williamson_2019_10","PRGL2","perennial",2.63,45.24,45.4728571428571,2.48142857142857
"513","Williamson_2019_10","PRGL2","perennial",2.78,45.31,45.4728571428571,2.48142857142857
"514","Williamson_2019_10","PRGL2","perennial",2.15,46.88,45.4728571428571,2.48142857142857
"515","Williamson_2019_10","PRGL2","perennial",2.26,45.72,45.4728571428571,2.48142857142857
"516","Williamson_2019_10","PRGL2","perennial",2.79,45.88,45.4728571428571,2.48142857142857
"517","Williamson_2019_10","PRGL2","perennial",2.17,46.5,45.4728571428571,2.48142857142857
"518","Williamson_2019_10","RACO3","perennial",1.03,41.45,38.23,1.204
"519","Williamson_2019_10","RACO3","perennial",1.75,38.26,38.23,1.204
"520","Williamson_2019_10","RACO3","perennial",1.8,38.59,38.23,1.204
"521","Williamson_2019_10","RACO3","perennial",0.48,37.86,38.23,1.204
"522","Williamson_2019_10","RACO3","perennial",0.96,34.99,38.23,1.204
